{"cameraMode":{"drawMode":0,"name":"Shaded","section":"Shading Mode"},"sceneLighting":true,"audioPlay":false,"sceneViewState":{"showFog":true,"showMaterialUpdate":false,"showSkybox":true,"showFlares":true,"showImageEffects":true,"showParticleSystems":true},"in2DMode":false,"pivot":{"x":12.645000457763672,"y":10.758350372314454,"z":-7.638615608215332},"rotation":{"x":0.3836165964603424,"y":-0.4937821924686432,"z":0.2570669949054718,"w":0.7368566989898682},"size":62.44871139526367,"orthographic":false}