{"cameraMode":{"drawMode":0,"name":"Shaded","section":"Shading Mode"},"sceneLighting":true,"audioPlay":false,"sceneViewState":{"showFog":true,"showMaterialUpdate":false,"showSkybox":true,"showFlares":true,"showImageEffects":true,"showParticleSystems":true},"in2DMode":false,"pivot":{"x":10.540481567382813,"y":8.718910217285157,"z":-7.631317138671875},"rotation":{"x":0.346545547246933,"y":-0.3804278075695038,"z":0.15637357532978059,"w":0.8430605530738831},"size":62.44871139526367,"orthographic":false}